{
  "EURUSD": {
    "0": {
      "mean": 0.00010349485231645505,
      "std": 0.000908123458522959,
      "n": 33
    },
    "1": {
      "mean": 0.0001119298272036798,
      "std": 0.0009315854381190522,
      "n": 33
    },
    "2": {
      "mean": -0.00018883117142231467,
      "std": 0.0009587428595886773,
      "n": 34
    },
    "3": {
      "mean": -0.00022834420991888418,
      "std": 0.0006441710804469741,
      "n": 34
    },
    "4": {
      "mean": 9.483785516076367e-05,
      "std": 0.0007481900034090767,
      "n": 34
    },
    "5": {
      "mean": -7.317012755806363e-05,
      "std": 0.0004554066131039573,
      "n": 34
    },
    "6": {
      "mean": 0.00019842229910105967,
      "std": 0.0005290433798590741,
      "n": 34
    },
    "7": {
      "mean": -0.00020167323514416584,
      "std": 0.0005735101612101895,
      "n": 34
    },
    "8": {
      "mean": -9.081480124488205e-06,
      "std": 0.00032257082200648604,
      "n": 34
    },
    "9": {
      "mean": 0.00010074292896724703,
      "std": 0.0002187481955261138,
      "n": 33
    },
    "10": {
      "mean": 9.126746197255206e-05,
      "std": 0.00033307691205445005,
      "n": 33
    },
    "11": {
      "mean": 7.43266510264785e-05,
      "std": 0.00034189105664765817,
      "n": 33
    },
    "12": {
      "mean": 7.014473509511871e-05,
      "std": 0.00043956117252331637,
      "n": 33
    },
    "13": {
      "mean": -4.92386963550446e-05,
      "std": 0.00036079434879348265,
      "n": 33
    },
    "14": {
      "mean": -0.00012453963044026492,
      "std": 0.0003547662126482702,
      "n": 33
    },
    "15": {
      "mean": 2.7653193338026945e-05,
      "std": 0.00037062220617312494,
      "n": 33
    },
    "16": {
      "mean": 8.975764567545257e-05,
      "std": 0.00031610850551808584,
      "n": 33
    },
    "17": {
      "mean": -7.116947028889929e-05,
      "std": 0.000507758205800171,
      "n": 33
    },
    "18": {
      "mean": -2.9801340802807868e-05,
      "std": 0.0005719314787853069,
      "n": 33
    },
    "19": {
      "mean": 6.964794254027743e-05,
      "std": 0.0005923461933138429,
      "n": 33
    },
    "20": {
      "mean": -6.148872193021607e-05,
      "std": 0.000634948795743155,
      "n": 33
    },
    "21": {
      "mean": 8.575300801466792e-06,
      "std": 0.0005456210321190839,
      "n": 33
    },
    "22": {
      "mean": 4.3354038173574225e-05,
      "std": 0.0006441031644167617,
      "n": 33
    },
    "23": {
      "mean": 0.0002752181952650361,
      "std": 0.0008539759574897847,
      "n": 33
    }
  },
  "GBPUSD": {
    "0": {
      "mean": 0.00024326611678890134,
      "std": 0.000922278603026998,
      "n": 33
    },
    "1": {
      "mean": 0.00010571692638573729,
      "std": 0.0008791787215958127,
      "n": 33
    },
    "2": {
      "mean": -5.011796811275974e-05,
      "std": 0.001199501029443335,
      "n": 34
    },
    "3": {
      "mean": -0.00020414334830848313,
      "std": 0.0009235764111701872,
      "n": 34
    },
    "4": {
      "mean": 2.0592460769039587e-05,
      "std": 0.0007731750784737072,
      "n": 34
    },
    "5": {
      "mean": 1.252717704889589e-06,
      "std": 0.0005802256434479715,
      "n": 34
    },
    "6": {
      "mean": 0.00014811233580982528,
      "std": 0.0007198368726974505,
      "n": 34
    },
    "7": {
      "mean": -0.0002045494523189845,
      "std": 0.0008504733429707957,
      "n": 34
    },
    "8": {
      "mean": -0.00012668559342417148,
      "std": 0.0005501906845894167,
      "n": 34
    },
    "9": {
      "mean": 1.701788798918856e-05,
      "std": 0.0004515490180715674,
      "n": 33
    },
    "10": {
      "mean": 0.0002076860839172989,
      "std": 0.00039740852602204,
      "n": 33
    },
    "11": {
      "mean": -5.492811559017502e-05,
      "std": 0.0004353193976328875,
      "n": 33
    },
    "12": {
      "mean": 0.00012530886385748796,
      "std": 0.00043144399691274056,
      "n": 33
    },
    "13": {
      "mean": -2.935361148914347e-05,
      "std": 0.00042043650563045704,
      "n": 33
    },
    "14": {
      "mean": -0.00010453585932542382,
      "std": 0.00040773301040572903,
      "n": 33
    },
    "15": {
      "mean": 3.2891489251189604e-05,
      "std": 0.00046475011007111595,
      "n": 33
    },
    "16": {
      "mean": 1.771510384253622e-05,
      "std": 0.0003851007140712544,
      "n": 33
    },
    "17": {
      "mean": -7.125259722096772e-05,
      "std": 0.0004817671436960734,
      "n": 33
    },
    "18": {
      "mean": -0.00010672558438148372,
      "std": 0.0010293811103379144,
      "n": 33
    },
    "19": {
      "mean": 4.9258820620652074e-05,
      "std": 0.0008450797664688277,
      "n": 33
    },
    "20": {
      "mean": 0.00013410082319310521,
      "std": 0.0009132736880326969,
      "n": 33
    },
    "21": {
      "mean": -9.438596383077936e-05,
      "std": 0.0006395707071736653,
      "n": 33
    },
    "22": {
      "mean": 3.72497910848005e-05,
      "std": 0.0008320148786313034,
      "n": 33
    },
    "23": {
      "mean": 0.0005873918346265743,
      "std": 0.0011632902336284354,
      "n": 33
    }
  }
}