{
  "EURUSD": {
    "0": {
      "mean": 0.00011713811008416176,
      "std": 0.0016070720763167175,
      "n": 365
    },
    "1": {
      "mean": 5.618280440228958e-05,
      "std": 0.0011923653657388924,
      "n": 365
    },
    "2": {
      "mean": 0.00016327715847128604,
      "std": 0.0014685812275042536,
      "n": 365
    },
    "3": {
      "mean": -9.730986510065115e-05,
      "std": 0.0010635334351581595,
      "n": 365
    },
    "4": {
      "mean": -1.436574493535622e-05,
      "std": 0.0008761166972231842,
      "n": 365
    },
    "5": {
      "mean": -9.68650340240796e-05,
      "std": 0.0008430660159407231,
      "n": 365
    },
    "6": {
      "mean": 5.748444817945401e-05,
      "std": 0.000867396795314704,
      "n": 365
    },
    "7": {
      "mean": -2.534033416097643e-05,
      "std": 0.0007503662309283345,
      "n": 364
    },
    "8": {
      "mean": -2.717379342130184e-05,
      "std": 0.000595486378161491,
      "n": 365
    },
    "9": {
      "mean": -0.00013899845193349693,
      "std": 0.0010320604113123254,
      "n": 365
    },
    "10": {
      "mean": 0.00022281029995200607,
      "std": 0.0008897415796998397,
      "n": 365
    },
    "11": {
      "mean": 4.242257922237717e-05,
      "std": 0.0008145478944309111,
      "n": 365
    },
    "12": {
      "mean": 7.179613758457075e-05,
      "std": 0.0008858624637670863,
      "n": 365
    },
    "13": {
      "mean": -6.70082267900702e-05,
      "std": 0.0007215351530391319,
      "n": 365
    },
    "14": {
      "mean": 9.465437239200075e-06,
      "std": 0.0005718874799567845,
      "n": 365
    },
    "15": {
      "mean": -5.661196924684658e-06,
      "std": 0.0005596524635355211,
      "n": 365
    },
    "16": {
      "mean": 2.0288898884651154e-05,
      "std": 0.0005748529591716597,
      "n": 365
    },
    "17": {
      "mean": 2.131675884115444e-05,
      "std": 0.0007052309420173626,
      "n": 365
    },
    "18": {
      "mean": 3.086660833491001e-05,
      "std": 0.0009951617714461746,
      "n": 365
    },
    "19": {
      "mean": 1.3603592956468333e-05,
      "std": 0.0013438213851881028,
      "n": 365
    },
    "20": {
      "mean": 3.792448724278765e-05,
      "std": 0.0009612568573599939,
      "n": 365
    },
    "21": {
      "mean": 1.6054900524655048e-05,
      "std": 0.0008051415268565878,
      "n": 365
    },
    "22": {
      "mean": -6.515243120201106e-05,
      "std": 0.0008841631892057322,
      "n": 365
    },
    "23": {
      "mean": -2.9746142945409293e-05,
      "std": 0.0009516512396179528,
      "n": 365
    }
  },
  "GBPUSD": {
    "0": {
      "mean": 8.295591360399056e-05,
      "std": 0.0015084072102406934,
      "n": 365
    },
    "1": {
      "mean": 3.848090107185999e-06,
      "std": 0.001171522185890575,
      "n": 365
    },
    "2": {
      "mean": 0.00015342800458439243,
      "std": 0.001510743805768748,
      "n": 365
    },
    "3": {
      "mean": -4.850224358565869e-05,
      "std": 0.0011150586949390945,
      "n": 365
    },
    "4": {
      "mean": 2.305759582145138e-06,
      "std": 0.0008227753816417971,
      "n": 365
    },
    "5": {
      "mean": -8.860849507725385e-06,
      "std": 0.0007788529510909092,
      "n": 365
    },
    "6": {
      "mean": 1.9899751128475943e-05,
      "std": 0.0008478963071207196,
      "n": 365
    },
    "7": {
      "mean": 7.565909428015165e-07,
      "std": 0.0007289659223690523,
      "n": 364
    },
    "8": {
      "mean": -0.00014901133434614723,
      "std": 0.0005621409608563926,
      "n": 365
    },
    "9": {
      "mean": -0.0002270185274976031,
      "std": 0.0008956812336428661,
      "n": 365
    },
    "10": {
      "mean": 0.0002985305971583571,
      "std": 0.0007381608682464275,
      "n": 365
    },
    "11": {
      "mean": 2.3408667776497215e-05,
      "std": 0.0006599721034909507,
      "n": 365
    },
    "12": {
      "mean": 6.755148084141745e-05,
      "std": 0.0007243566661614787,
      "n": 365
    },
    "13": {
      "mean": -5.9463388349802785e-05,
      "std": 0.0006989354499410467,
      "n": 365
    },
    "14": {
      "mean": -2.0320306604796956e-05,
      "std": 0.000562336232673521,
      "n": 365
    },
    "15": {
      "mean": -1.566256976063289e-05,
      "std": 0.0005206739867577001,
      "n": 365
    },
    "16": {
      "mean": 6.814022080758266e-06,
      "std": 0.0005400671258474395,
      "n": 365
    },
    "17": {
      "mean": -1.5539933314876404e-05,
      "std": 0.0006640957286848891,
      "n": 365
    },
    "18": {
      "mean": 1.928111043583299e-05,
      "std": 0.0011027824334189703,
      "n": 365
    },
    "19": {
      "mean": -5.313968278766696e-05,
      "std": 0.0013175580914859101,
      "n": 365
    },
    "20": {
      "mean": 9.885940304108619e-05,
      "std": 0.001057743593585214,
      "n": 365
    },
    "21": {
      "mean": 5.797598665478336e-05,
      "std": 0.0008086628824014873,
      "n": 365
    },
    "22": {
      "mean": -0.0001271857922689308,
      "std": 0.000955108993528502,
      "n": 365
    },
    "23": {
      "mean": 8.931408807486247e-05,
      "std": 0.0011220949731377548,
      "n": 365
    }
  }
}