seg,n,pf,net,wr,worst,avg
highvol,122,1.350665894818116,469.85258974112577,0.6475409836065574,-280.6599999999996,3.851250735582998
normal,344,1.6741177008328616,1557.8103421826468,0.7354651162790697,-205.86999999999944,4.528518436577461
usd_event,30,2.569639544454781,288.12368545941763,0.7333333333333333,-49.63749999999966,9.604122848647254
rba_proxy,56,3.531753848086706,654.9659961426996,0.7678571428571429,-80.02999999999982,11.695821359691065
mc_dd,10000,,553.0289427506495,,627.7253369630482,401.3829205833712
