pair,confirm,n,z_in,z_tp,max_hold,confirm_window,is_pf,is_n,is_wr,oos_pf,oos_n,oos_wr,oos_net,oos_dd,oos_tp_rate,wfo_min,d_oos_pf,n_retained
AUDCAD,none,40,2.0,0.0,48,6,1.075646566807413,1303,0.5947812739831159,1.3821219670632756,894,0.6431767337807607,3214.375561857456,382.6027058530967,0.7527964205816555,1.2615164702003836,0.0,1.0
AUDCAD,ema,40,2.0,0.0,48,6,0.9802870131216281,996,0.6746987951807228,1.3545296503549615,680,0.7235294117647059,1869.8032804613808,448.1520150924937,0.9338235294117647,0.935517129232375,-0.02759231670831408,0.7606263982102909
AUDCAD,candle,40,2.0,0.0,48,6,0.9475865294877184,919,0.6561479869423286,1.2778882205415867,612,0.7009803921568627,1538.9873773859401,544.4751452598971,0.9019607843137255,0.744926554606057,-0.10423374652168893,0.6845637583892618
AUDCAD,rsi,40,2.0,0.0,48,6,1.017956908540814,1030,0.6504854368932039,1.4205892787597936,703,0.7140825035561877,2714.084786549203,388.87427249473126,0.8862019914651493,1.2072458149178027,0.03846731169651796,0.7863534675615212
