pair,sizing_mode,n,z_in,z_tp,z_stop,max_hold,is_pf,is_n,is_net,is_dd,oos_pf,oos_n,oos_net,oos_dd,oos_wr,oos_avglot,wfo_min
AUDCAD,fixed,40,2.0,0.0,4.0,48,1.075646566807413,1303,1223.7034029491003,1292.6339306910495,1.3821219670632756,894,3214.375561857456,382.6027058530967,0.6431767337807607,1.0,1.2615164702003836
AUDCAD,zscale,40,2.0,0.0,4.0,48,1.095953371497205,1303,2311.1273373367694,1995.0691084225982,1.4178644742425905,894,5236.966320092535,520.3466891085486,0.6431767337807607,1.5302305806837968,1.2723624557295188
AUDCAD,voladj,40,2.0,0.0,4.0,48,1.0734472870800305,1303,956.5632210982868,976.6316179933459,1.3798497789566362,894,2655.7307478484054,247.8513529265481,0.6431767337807607,0.8333333333333334,1.262244587066785
AUDCAD,combo,40,2.0,0.0,4.0,48,1.1006308218899095,1303,1929.9419490407033,1404.0475895717736,1.4164159662715747,894,4322.653596814653,409.43688772122914,0.6431767337807607,1.2712807192835576,1.199011332206281
EURGBP,fixed,40,2.0,0.0,4.0,48,0.8496663679830293,1554,-2757.6897650375904,2924.0123439123904,1.1079059975666576,968,736.3623168378408,454.95577047555327,0.5888429752066116,1.0,0.8812381752417864
EURGBP,zscale,40,2.0,0.0,4.0,48,0.8830232674456253,1554,-3302.0024704665225,3428.4186088543756,1.0909463895941713,968,990.4598981905979,824.8461791765378,0.5888429752066116,1.6196410034832773,0.8853399410379363
EURGBP,voladj,40,2.0,0.0,4.0,48,0.8476060750641314,1554,-2263.6877555496603,2438.9889764686536,1.1113645255115543,968,626.0810635407936,298.3274556222753,0.5888429752066116,0.8336776859504132,0.8496010351196907
EURGBP,combo,40,2.0,0.0,4.0,48,0.8751904269985333,1554,-2827.5225376959884,2989.664284246404,1.115529350850138,968,1012.5180397305419,502.8728141545481,0.5888429752066116,1.3380348013852457,0.8507977850034937
