{
 "real:AUDCAD": {
  "b48_events": [],
  "b48_total": 0,
  "fs_events": [
   -514942.2883987414,
   -536866.4503097486,
   -551448.2259750365,
   -560843.4677124047,
   -515376.8062591518,
   -517751.52683258057,
   -578555.7031631481,
   -597671.2703704798,
   -527472.4960327148,
   -547020.6499099731,
   -539999.4850158691,
   -535031.1756134033,
   -590652.6803970385,
   -506410.9325408911,
   -515484.30919646984,
   -517103.93428802973,
   -554363.0361557018,
   -528120.7323074329,
   -534601.1638641333
  ],
  "fstop_total": -10269716.0,
  "max_dd": 1075632.0,
  "monthly": {
   "2024-05": 347667.62597220344,
   "2024-06": 1003056.5244810915,
   "2024-07": -294729.78625978716,
   "2024-09": -69358.15470558713,
   "2024-10": -19917.42508751934,
   "2024-11": 60834.93743623869,
   "2024-12": 668690.6167439042,
   "2025-01": -95842.91492189327,
   "2025-02": 324441.4738246349,
   "2025-03": 420437.2746603839,
   "2025-04": -505471.4543478826,
   "2025-05": 198434.60491725756,
   "2025-06": 99816.61524091226,
   "2025-07": 144226.547649929,
   "2025-08": 200170.74516841618,
   "2025-10": -201351.43824986002,
   "2025-11": 334609.09979683824,
   "2026-01": -515484.30919646984,
   "2026-03": 703219.1072191481,
   "2026-04": -178355.60355867393,
   "2026-05": 381124.62759017706,
   "2026-06": 21021.284375871073
  },
  "n_b48": 0,
  "n_fstop": 19,
  "n_tp": 602,
  "pf": 1.2948,
  "skip_count": 0,
  "total_pnl": 3027240.0,
  "worst_event": -597671.0
 },
 "real:CHFJPY": {
  "b48_events": [],
  "b48_total": 0,
  "fs_events": [
   -1500297.5463867188,
   -1567100.5249023438,
   -1545399.4750976562,
   -1581501.7700195312,
   -1615599.0600585938,
   -1595800.78125,
   -1510002.136230466,
   -1543397.5219726334
  ],
  "fstop_total": -12459099.0,
  "max_dd": 5724584.0,
  "monthly": {
   "2024-05": 319970.703125,
   "2024-06": -1500297.5463867188,
   "2024-07": -977844.4562639493,
   "2024-08": 257527.16064453125,
   "2024-09": 315657.91538783687,
   "2024-10": 113255.96400669441,
   "2024-11": -363197.1086774569,
   "2025-01": 282840.83775111526,
   "2025-02": -1474602.8355189736,
   "2025-03": 957616.0975864951,
   "2025-04": -1048369.7073800245,
   "2025-05": 99942.88853236526,
   "2025-07": -1094927.9785156252,
   "2025-08": 842454.3108258974,
   "2025-09": 95400.12904576259,
   "2025-10": -1298873.2474190984,
   "2025-12": 439273.50725446397,
   "2026-01": -977842.4944196075,
   "2026-02": 521513.1487165194,
   "2026-03": 626346.9151088174,
   "2026-04": 106843.13092912987
  },
  "n_b48": 0,
  "n_fstop": 8,
  "n_tp": 164,
  "pf": 0.6984,
  "skip_count": 0,
  "total_pnl": -3757313.0,
  "worst_event": -1615599.0
 },
 "real:GBPJPY": {
  "b48_events": [],
  "b48_total": 0,
  "fs_events": [
   -1624696.3500976507,
   -1528800.964355466,
   -1528698.73046875,
   -1519100.9521484375
  ],
  "fstop_total": -6201297.0,
  "max_dd": 3404736.0,
  "monthly": {
   "2024-08": 516247.72208077734,
   "2024-09": 601459.2851911318,
   "2024-10": -505952.5081089677,
   "2024-11": 1362430.082048695,
   "2024-12": 44003.51388113961,
   "2025-03": 308117.83926828584,
   "2025-04": -538312.476021909,
   "2025-05": -1519100.9521484375,
   "2025-06": 1087808.3365304205,
   "2025-07": 1021336.1467633803,
   "2025-08": 422657.2854178158,
   "2025-09": 1488168.2804652574,
   "2025-10": 270513.6435372395,
   "2025-11": 254376.82015554796,
   "2026-01": 463969.6393694123,
   "2026-03": 506068.20242745976,
   "2026-04": 182164.927891327
  },
  "n_b48": 0,
  "n_fstop": 4,
  "n_tp": 269,
  "pf": 1.962,
  "skip_count": 0,
  "total_pnl": 5965956.0,
  "worst_event": -1624696.0
 },
 "real:NZDJPY": {
  "b48_events": [],
  "b48_total": 0,
  "fs_events": [
   -571000.671386716,
   -553000.6408691349,
   -540901.1840820285,
   -550001.5258789147,
   -531699.371337885,
   -594699.0966796847,
   -548599.2431640653,
   -542798.6145019531,
   -539800.2624511719,
   -557001.4953613281,
   -529998.0163574219,
   -530699.1577148438,
   -504600.52490234375,
   -533598.3276367188,
   -749800.1098632812,
   -541600.0366210924,
   -547698.211669929,
   -548200.2258300767
  ],
  "fstop_total": -10015697.0,
  "max_dd": 2028955.0,
  "monthly": {
   "2024-06": -139549.90931919304,
   "2024-08": -120135.28006416581,
   "2024-09": 25100.05405971043,
   "2024-10": 683735.9837123342,
   "2024-11": -460063.8798304984,
   "2024-12": -231469.8900495211,
   "2025-02": -422522.51761300245,
   "2025-03": -357749.8299734913,
   "2025-05": -143278.06745256594,
   "2025-07": 642994.19948033,
   "2025-08": -570907.5927734374,
   "2026-03": 665555.8994838214
  },
  "n_b48": 0,
  "n_fstop": 18,
  "n_tp": 562,
  "pf": 0.9572,
  "skip_count": 0,
  "total_pnl": -428291.0,
  "worst_event": -749800.0
 },
 "real:NZDUSD": {
  "b48_events": [],
  "b48_total": 0,
  "fs_events": [
   -19632.612466812134
  ],
  "fstop_total": -19633.0,
  "max_dd": 19633.0,
  "monthly": {
   "2024-06": 1294.5465956415546,
   "2024-11": 2993.995930467321,
   "2024-12": -14464.021154812377,
   "2025-01": 4164.737079824716,
   "2025-02": 289.8252436092946,
   "2025-05": 6374.205989497016,
   "2025-06": 4488.093597548368,
   "2025-12": 1091.5125267846292,
   "2026-01": 1110.8452081680298,
   "2026-02": 1859.4190904072207,
   "2026-03": 4879.402220249211,
   "2026-04": 1822.147454534263,
   "2026-05": 3157.548989568426,
   "2026-06": 1154.8360330717856
  },
  "n_b48": 0,
  "n_fstop": 1,
  "n_tp": 138,
  "pf": 2.0298,
  "skip_count": 0,
  "total_pnl": 20217.0,
  "worst_event": -19633.0
 },
 "syn:BASE": {
  "b48_events": [
   -201954.67048066575,
   -411726.0619253585
  ],
  "b48_total": -613681.0,
  "fs_events": [
   -556497.9040201962,
   -632672.3101121673,
   -598009.4647560748,
   -503395.62173335825,
   -504133.56073180184,
   -563812.8429220445,
   -503351.24614371406,
   -509299.8633616887,
   -524212.6218403939,
   -526184.102191533,
   -545823.6397298435,
   -500935.99821422854,
   -507368.2047400524,
   -507898.39629993733,
   -557367.1665442432,
   -661131.383033198,
   -532137.1982060682,
   -542273.2690015465,
   -535092.834041157,
   -547370.6365308274,
   -645706.5687747501,
   -528119.9000748558,
   -554983.3852157306,
   -630557.1670197097,
   -501607.62400646345,
   -621941.2592840157,
   -594826.0647658671,
   -517392.2390568378,
   -661160.2635376315,
   -500114.33103564684,
   -504430.4589730643,
   -571681.0954787235,
   -509392.89535770484
  ],
  "fstop_total": -18200882.0,
  "max_dd": 3668620.0,
  "monthly": {
   "2020-02": 4634.373946475796,
   "2020-03": -296987.02647170017,
   "2020-04": 291526.15222581907,
   "2020-05": -331918.8644765146,
   "2020-08": 587208.7653977928,
   "2020-09": -164650.17230910063,
   "2021-01": -241260.99714328288,
   "2021-02": 69488.3343558388,
   "2021-03": 7310.270014451703,
   "2021-05": -720010.6133151832,
   "2021-09": 609407.522063094,
   "2021-10": -1492229.553931715,
   "2021-11": -454390.3298232707,
   "2021-12": -509392.89535770484
  },
  "n_b48": 2,
  "n_fstop": 33,
  "n_tp": 559,
  "pf": 0.8596,
  "skip_count": 94,
  "total_pnl": -2641265.0,
  "worst_event": -661160.0
 }
}