pair,corr_mr_grid,n_months
AUDCAD,0.0872222926566454,64
AUDNZD,0.29288704423808043,73
CADCHF,0.19578857201746847,87
EURGBP,0.1279532657334714,75
